ds_name,att_name,sizeDistinct1,ds_name_2,att_name_2,sizeDistinct2,joinSize,trueContainment,trueQuality
Accidental_Drug_Related_Deaths_2012-2018.csv,Age,100,energy-usage-2010.csv,ELECTRICITY ACCOUNTS,378,65,0.65,3.0
Accidental_Drug_Related_Deaths_2012-2018.csv,Age,100,energy-usage-2010.csv,GAS ACCOUNTS,210,65,0.65,3.0
Accidental_Drug_Related_Deaths_2012-2018.csv,Amphet,1,water-hydrants.csv,FIREUSEONLY,2,1,1.0,4.0
Accidental_Drug_Related_Deaths_2012-2018.csv,Amphet,1,water-hydrants.csv,SUBSYSTEM,6,1,1.0,3.0
Accidental_Drug_Related_Deaths_2012-2018.csv,AnyOpioid,2,water-hydrants.csv,SUBSYSTEM,6,2,1.0,4.0
Accidental_Drug_Related_Deaths_2012-2018.csv,AnyOpioid,2,water-hydrants.csv,FIREUSEONLY,2,2,1.0,4.0
Accidental_Drug_Related_Deaths_2012-2018.csv,AnyOpioid,2,water-control-valves.csv,X_OFFSET_DIRECTION,15,1,0.5,3.0
Accidental_Drug_Related_Deaths_2012-2018.csv,AnyOpioid,2,water-control-valves.csv,Y_OFFSET_DIRECTION,16,1,0.5,3.0
Accidental_Drug_Related_Deaths_2012-2018.csv,AnyOpioid,2,water-hydrants.csv,CODE,10,1,0.5,3.0
Accidental_Drug_Related_Deaths_2012-2018.csv,AnyOpioid,2,provisional-2016-bi-annual-aquatic-and-terrestrial-monitoring-results-26062017-raw-results.csv,LOD,12,1,0.5,3.0
Accidental_Drug_Related_Deaths_2012-2018.csv,Benzodiazepine,1,water-hydrants.csv,FIREUSEONLY,2,1,1.0,4.0
Accidental_Drug_Related_Deaths_2012-2018.csv,Benzodiazepine,1,water-hydrants.csv,SUBSYSTEM,6,1,1.0,3.0
Accidental_Drug_Related_Deaths_2012-2018.csv,Cocaine,1,water-hydrants.csv,FIREUSEONLY,2,1,1.0,4.0
Accidental_Drug_Related_Deaths_2012-2018.csv,Cocaine,1,water-hydrants.csv,SUBSYSTEM,6,1,1.0,3.0
Accidental_Drug_Related_Deaths_2012-2018.csv,Ethanol,1,water-hydrants.csv,FIREUSEONLY,2,1,1.0,4.0
Accidental_Drug_Related_Deaths_2012-2018.csv,Ethanol,1,water-hydrants.csv,SUBSYSTEM,6,1,1.0,3.0
Accidental_Drug_Related_Deaths_2012-2018.csv,FentanylAnalogue,1,water-hydrants.csv,FIREUSEONLY,2,1,1.0,4.0
Accidental_Drug_Related_Deaths_2012-2018.csv,FentanylAnalogue,1,water-hydrants.csv,SUBSYSTEM,6,1,1.0,3.0
Accidental_Drug_Related_Deaths_2012-2018.csv,Heroin,1,water-hydrants.csv,FIREUSEONLY,2,1,1.0,4.0
Accidental_Drug_Related_Deaths_2012-2018.csv,Heroin,1,water-hydrants.csv,SUBSYSTEM,6,1,1.0,3.0
Accidental_Drug_Related_Deaths_2012-2018.csv,Hydrocodone,1,water-hydrants.csv,FIREUSEONLY,2,1,1.0,4.0
Accidental_Drug_Related_Deaths_2012-2018.csv,Hydrocodone,1,water-hydrants.csv,SUBSYSTEM,6,1,1.0,3.0
Accidental_Drug_Related_Deaths_2012-2018.csv,Hydromorphone,1,water-hydrants.csv,FIREUSEONLY,2,1,1.0,4.0
Accidental_Drug_Related_Deaths_2012-2018.csv,Hydromorphone,1,water-hydrants.csv,SUBSYSTEM,6,1,1.0,3.0
Accidental_Drug_Related_Deaths_2012-2018.csv,InjuryState,3,eo1.csv,STATE,8,2,0.666666667,3.0
Accidental_Drug_Related_Deaths_2012-2018.csv,Methadone,1,water-hydrants.csv,FIREUSEONLY,2,1,1.0,4.0
Accidental_Drug_Related_Deaths_2012-2018.csv,Methadone,1,water-hydrants.csv,SUBSYSTEM,6,1,1.0,3.0
Accidental_Drug_Related_Deaths_2012-2018.csv,OpiateNOS,1,water-hydrants.csv,FIREUSEONLY,2,1,1.0,4.0
Accidental_Drug_Related_Deaths_2012-2018.csv,OpiateNOS,1,water-hydrants.csv,SUBSYSTEM,6,1,1.0,3.0
Accidental_Drug_Related_Deaths_2012-2018.csv,Oxycodone,1,water-hydrants.csv,FIREUSEONLY,2,1,1.0,4.0
Accidental_Drug_Related_Deaths_2012-2018.csv,Oxycodone,1,water-hydrants.csv,SUBSYSTEM,6,1,1.0,3.0
Accidental_Drug_Related_Deaths_2012-2018.csv,Oxymorphone,1,water-hydrants.csv,FIREUSEONLY,2,1,1.0,4.0
Accidental_Drug_Related_Deaths_2012-2018.csv,Oxymorphone,1,water-hydrants.csv,SUBSYSTEM,6,1,1.0,3.0
Accidental_Drug_Related_Deaths_2012-2018.csv,ResidenceState,26,IPODataFull.csv,stateCountry,94,26,1.0,4.0
Accidental_Drug_Related_Deaths_2012-2018.csv,Sex,3,IPODataFull.csv,CEOGender,6,3,1.0,4.0
Accidental_Drug_Related_Deaths_2012-2018.csv,Sex,3,IPODataFull.csv,PresidentGender,6,3,1.0,4.0
Accidental_Drug_Related_Deaths_2012-2018.csv,Sex,3,IPODataFull.csv,usableCEOGender,7,3,1.0,4.0
Accidental_Drug_Related_Deaths_2012-2018.csv,Sex,3,IPODataFull.csv,usablePresidentGender,7,3,1.0,4.0
Accidental_Drug_Related_Deaths_2012-2018.csv,Tramad,1,water-hydrants.csv,FIREUSEONLY,2,1,1.0,4.0
Accidental_Drug_Related_Deaths_2012-2018.csv,Tramad,1,water-hydrants.csv,SUBSYSTEM,6,1,1.0,3.0
IPODataFull.csv,CEOGender,6,Accidental_Drug_Related_Deaths_2012-2018.csv,Sex,3,3,0.5,3.0
IPODataFull.csv,CEOInChargeDuringIPO,3,world-power-plants-list.csv,PLANT_MERCURY_CONTROL_DEVICE,6,2,0.666666667,3.0
IPODataFull.csv,CEOInChargeDuringIPO,3,water-hydrants.csv,COVWATERHYDRANTUNITTYPE,11,2,0.666666667,3.0
IPODataFull.csv,CEOInChargeDuringIPO,3,water-hydrants.csv,INCOMM,9,2,0.666666667,3.0
IPODataFull.csv,CEOInChargeDuringIPO,3,water-hydrants.csv,COMPRESSION,2,2,0.666666667,3.0
IPODataFull.csv,CEOInChargeDuringIPO,3,makemytrip_com-travel_sample.csv,is_value_plus,2,2,0.666666667,3.0
IPODataFull.csv,Fiscal_year_ends_in_December_USDYearBeforeIPO,11,aac_intakes_outcomes.csv,outcome_monthyear,55,8,0.727272727,3.0
IPODataFull.csv,Fiscal_year_ends_in_December_USDYearBeforeIPO,11,aac_intakes_outcomes.csv,dob_monthyear,55,8,0.727272727,3.0
IPODataFull.csv,Fiscal_year_ends_in_December_USDYearBeforeIPO,11,aac_intakes_outcomes.csv,intake_monthyear,54,8,0.727272727,3.0
IPODataFull.csv,PresidentGender,6,Accidental_Drug_Related_Deaths_2012-2018.csv,Sex,3,3,0.5,3.0
IPODataFull.csv,USACompany,3,world-power-plants-list.csv,PLANT_MERCURY_CONTROL_DEVICE,6,2,0.666666667,3.0
IPODataFull.csv,USACompany,3,water-hydrants.csv,COVWATERHYDRANTUNITTYPE,11,2,0.666666667,3.0
IPODataFull.csv,USACompany,3,water-hydrants.csv,INCOMM,9,2,0.666666667,3.0
IPODataFull.csv,USACompany,3,water-hydrants.csv,COMPRESSION,2,2,0.666666667,3.0
IPODataFull.csv,USACompany,3,makemytrip_com-travel_sample.csv,is_value_plus,2,2,0.666666667,3.0
IPODataFull.csv,presidentInChargeDuringIPO,3,world-power-plants-list.csv,PLANT_MERCURY_CONTROL_DEVICE,6,2,0.666666667,3.0
IPODataFull.csv,presidentInChargeDuringIPO,3,water-hydrants.csv,COVWATERHYDRANTUNITTYPE,11,2,0.666666667,3.0
IPODataFull.csv,presidentInChargeDuringIPO,3,water-hydrants.csv,INCOMM,9,2,0.666666667,3.0
IPODataFull.csv,presidentInChargeDuringIPO,3,water-hydrants.csv,COMPRESSION,2,2,0.666666667,3.0
IPODataFull.csv,presidentInChargeDuringIPO,3,makemytrip_com-travel_sample.csv,is_value_plus,2,2,0.666666667,3.0
IPODataFull.csv,yearDifferenceGrouped,1,Accidental_Drug_Related_Deaths_2012-2018.csv,Sex,3,1,1.0,4.0
IPODataFull.csv,yearDifferenceGrouped,1,aac_intakes_outcomes.csv,sex_upon_outcome,5,1,1.0,3.0
IPODataFull.csv,yearDifferenceGrouped,1,aac_intakes_outcomes.csv,sex_upon_intake,5,1,1.0,3.0
IPODataFull.csv,yearDifferenceGrouped,1,aac_outcomes.csv,sex_upon_outcome,5,1,1.0,3.0
IPODataFull.csv,yearDifferenceGrouped,1,aac_intakes.csv,sex_upon_intake,5,1,1.0,3.0
JEOPARDY_CSV.csv,Air Date,3640,animal-control-inventory-register.csv,DateImpounded,7117,2622,0.72032967,3.0
aac_intakes.csv,age_upon_intake,46,aac_intakes_outcomes.csv,age_upon_outcome,46,46,1.0,4.0
aac_intakes.csv,age_upon_intake,46,aac_intakes_outcomes.csv,age_upon_intake,46,46,1.0,4.0
aac_intakes.csv,age_upon_intake,46,aac_outcomes.csv,age_upon_outcome,46,46,1.0,4.0
aac_intakes.csv,animal_id,72365,aac_outcomes.csv,animal_id,72877,71973,0.994583017,4.0
aac_intakes.csv,animal_id,72365,aac_intakes_outcomes.csv,animal_id_outcome,71961,71961,0.994417191,4.0
aac_intakes.csv,animal_id,72365,aac_intakes_outcomes.csv,animal_id_intake,71961,71961,0.994417191,4.0
aac_intakes.csv,animal_type,5,aac_outcomes.csv,animal_type,5,5,1.0,4.0
aac_intakes.csv,animal_type,5,aac_intakes_outcomes.csv,animal_type,4,4,0.8,4.0
aac_intakes.csv,breed,2166,aac_outcomes.csv,breed,2176,2159,0.996768236,4.0
aac_intakes.csv,breed,2166,aac_intakes_outcomes.csv,breed,2155,2155,0.994921514,4.0
aac_intakes.csv,color,529,aac_intakes_outcomes.csv,color,529,529,1.0,4.0
aac_intakes.csv,color,529,aac_outcomes.csv,color,532,529,1.0,4.0
aac_intakes.csv,found_location,36772,aac_intakes_outcomes.csv,found_location,36576,36576,0.994669858,4.0
aac_intakes.csv,intake_condition,8,aac_intakes_outcomes.csv,intake_condition,8,8,1.0,4.0
aac_intakes.csv,intake_type,5,aac_intakes_outcomes.csv,intake_type,5,5,1.0,4.0
aac_intakes.csv,name,14731,aac_outcomes.csv,name,14824,14684,0.996809449,4.0
aac_intakes.csv,sex_upon_intake,5,aac_intakes_outcomes.csv,sex_upon_outcome,5,5,1.0,4.0
aac_intakes.csv,sex_upon_intake,5,aac_intakes_outcomes.csv,sex_upon_intake,5,5,1.0,4.0
aac_intakes.csv,sex_upon_intake,5,aac_outcomes.csv,sex_upon_outcome,5,5,1.0,4.0
aac_intakes_outcomes.csv,age_upon_intake,46,aac_outcomes.csv,age_upon_outcome,46,46,1.0,4.0
aac_intakes_outcomes.csv,age_upon_intake,46,aac_intakes.csv,age_upon_intake,46,46,1.0,4.0
aac_intakes_outcomes.csv,age_upon_outcome,46,aac_outcomes.csv,age_upon_outcome,46,46,1.0,4.0
aac_intakes_outcomes.csv,age_upon_outcome,46,aac_intakes.csv,age_upon_intake,46,46,1.0,4.0
aac_intakes_outcomes.csv,animal_id_intake,71961,aac_outcomes.csv,animal_id,72877,71961,1.0,4.0
aac_intakes_outcomes.csv,animal_id_intake,71961,aac_intakes.csv,animal_id,72365,71961,1.0,4.0
aac_intakes_outcomes.csv,animal_id_outcome,71961,aac_outcomes.csv,animal_id,72877,71961,1.0,4.0
aac_intakes_outcomes.csv,animal_id_outcome,71961,aac_intakes.csv,animal_id,72365,71961,1.0,4.0
aac_intakes_outcomes.csv,animal_type,4,aac_outcomes.csv,animal_type,5,4,1.0,4.0
aac_intakes_outcomes.csv,animal_type,4,aac_intakes.csv,animal_type,5,4,1.0,4.0
aac_intakes_outcomes.csv,breed,2155,aac_outcomes.csv,breed,2176,2155,1.0,4.0
aac_intakes_outcomes.csv,breed,2155,aac_intakes.csv,breed,2166,2155,1.0,4.0
aac_intakes_outcomes.csv,color,529,aac_outcomes.csv,color,532,529,1.0,4.0
aac_intakes_outcomes.csv,color,529,aac_intakes.csv,color,529,529,1.0,4.0
aac_intakes_outcomes.csv,found_location,36576,aac_intakes.csv,found_location,36772,36576,1.0,4.0
aac_intakes_outcomes.csv,intake_condition,8,aac_intakes.csv,intake_condition,8,8,1.0,4.0
aac_intakes_outcomes.csv,intake_type,5,aac_intakes.csv,intake_type,5,5,1.0,4.0
aac_intakes_outcomes.csv,outcome_subtype,19,aac_outcomes.csv,outcome_subtype,19,19,1.0,4.0
aac_intakes_outcomes.csv,outcome_type,9,aac_outcomes.csv,outcome_type,9,9,1.0,4.0
aac_intakes_outcomes.csv,sex_upon_intake,5,aac_outcomes.csv,sex_upon_outcome,5,5,1.0,4.0
aac_intakes_outcomes.csv,sex_upon_intake,5,aac_intakes.csv,sex_upon_intake,5,5,1.0,4.0
aac_intakes_outcomes.csv,sex_upon_outcome,5,aac_outcomes.csv,sex_upon_outcome,5,5,1.0,4.0
aac_intakes_outcomes.csv,sex_upon_outcome,5,aac_intakes.csv,sex_upon_intake,5,5,1.0,4.0
aac_outcomes.csv,age_upon_outcome,46,aac_intakes_outcomes.csv,age_upon_outcome,46,46,1.0,4.0
aac_outcomes.csv,age_upon_outcome,46,aac_intakes_outcomes.csv,age_upon_intake,46,46,1.0,4.0
aac_outcomes.csv,age_upon_outcome,46,aac_intakes.csv,age_upon_intake,46,46,1.0,4.0
aac_outcomes.csv,animal_id,72877,aac_intakes.csv,animal_id,72365,71973,0.987595538,4.0
aac_outcomes.csv,animal_id,72877,aac_intakes_outcomes.csv,animal_id_outcome,71961,71961,0.987430877,4.0
aac_outcomes.csv,animal_id,72877,aac_intakes_outcomes.csv,animal_id_intake,71961,71961,0.987430877,4.0
aac_outcomes.csv,animal_type,5,aac_intakes.csv,animal_type,5,5,1.0,4.0
aac_outcomes.csv,animal_type,5,aac_intakes_outcomes.csv,animal_type,4,4,0.8,4.0
aac_outcomes.csv,breed,2176,aac_intakes.csv,breed,2166,2159,0.9921875,4.0
aac_outcomes.csv,breed,2176,aac_intakes_outcomes.csv,breed,2155,2155,0.990349265,4.0
aac_outcomes.csv,color,532,aac_intakes_outcomes.csv,color,529,529,0.994360902,4.0
aac_outcomes.csv,color,532,aac_intakes.csv,color,529,529,0.994360902,4.0
aac_outcomes.csv,name,14824,aac_intakes.csv,name,14731,14684,0.990555855,4.0
aac_outcomes.csv,outcome_subtype,19,aac_intakes_outcomes.csv,outcome_subtype,19,19,1.0,4.0
aac_outcomes.csv,outcome_type,9,aac_intakes_outcomes.csv,outcome_type,9,9,1.0,4.0
aac_outcomes.csv,sex_upon_outcome,5,aac_intakes_outcomes.csv,sex_upon_outcome,5,5,1.0,4.0
aac_outcomes.csv,sex_upon_outcome,5,aac_intakes_outcomes.csv,sex_upon_intake,5,5,1.0,4.0
aac_outcomes.csv,sex_upon_outcome,5,aac_intakes.csv,sex_upon_intake,5,5,1.0,4.0
abandoned-water-mains.csv,INSTALLATION_DATE,232,water-distribution-mains.csv,INSTALLATION_DATE,1475,162,0.698275862,3.0
abandoned-water-mains.csv,INSTALLATION_DATE,232,water-hydrants.csv,INSTDATE1,626,120,0.517241379,3.0
abandoned-water-mains.csv,MATERIAL,11,water-distribution-mains.csv,MATERIAL,13,10,0.909090909,4.0
agri-environmental-indicators-emissions-by-sector.csv,Area,274,total-and-urban-population-annual-1950-2050.csv,LOCATION_NAME,390,231,0.843065693,4.0
agri-environmental-indicators-emissions-by-sector.csv,Area,274,emissions_agriculture_energy_e_all_data_norm.csv,Country,219,214,0.781021898,4.0
agri-environmental-indicators-emissions-by-sector.csv,Area,274,global-greenhouse-gas-emissions0.csv,Country,224,197,0.718978102,3.0
agri-environmental-indicators-emissions-by-sector.csv,Area,274,global-greenhouse-gas-emissions.csv,Country,224,197,0.718978102,3.0
agri-environmental-indicators-emissions-by-sector.csv,Area,274,global-innovation-index-2015.csv,COUNTRY_NAME,231,197,0.718978102,3.0
agri-environmental-indicators-emissions-by-sector.csv,Area,274,oxford-covid-19-government-response-tracker.csv,Country,178,154,0.562043796,3.0
agri-environmental-indicators-emissions-by-sector.csv,Unit,2,population-estimates-and-projections-1960-2050.csv,UNIT_MEASURE,11,1,0.5,3.0
agri-environmental-indicators-emissions-by-sector.csv,Unit,2,total-and-urban-population-annual-1950-2050.csv,VARIABLE_UNIT,2,1,0.5,3.0
agri-environmental-indicators-emissions-by-sector.csv,Unit,2,global-innovation-index-2015.csv,INDICATOR_UNIT,12,1,0.5,3.0
agri-environmental-indicators-emissions-by-sector.csv,Unit,2,emissions_agriculture_energy_e_all_data_norm.csv,Unit,5,1,0.5,3.0
agri-environmental-indicators-emissions-by-sector.csv,Unit,2,saudi-arabia-world-development-indicators-1960-2014.csv,Unit of measure,2,1,0.5,3.0
animal-control-inventory-register.csv,DateImpounded,7117,episodes.csv,episode_date,5737,5165,0.725727132,3.0
animal-control-inventory-register.csv,DispositionDate,3353,aac_intakes_outcomes.csv,date_of_birth,5923,2642,0.787951089,4.0
animal-control-inventory-register.csv,ShotsDate,1435,episodes.csv,episode_date,5737,974,0.678745645,3.0
district-wise-rainfall-data-for-india-2014.csv,DISTRICTS_NAME,667,india-census-data-2011-census-primary-abstract.csv,LOCATION_NAME,676,505,0.757121439,4.0
district-wise-rainfall-data-for-india-2014.csv,DISTRICTS_REGIONID,662,india-census-data-2011-census-primary-abstract.csv,LOCATION_ID,676,582,0.879154079,4.0
district-wise-rainfall-data-for-india-2014.csv,DISTRICTS_REGIONID,662,india-census-data-2011-census-primary-abstract.csv,LOCATION_REGIONID,676,582,0.879154079,4.0
district-wise-rainfall-data-for-india-2014.csv,INDIAN_STATES_NAME,36,makemytrip_com-travel_sample.csv,state,180,29,0.805555556,3.0
emissions_agriculture_energy_e_all_data_norm.csv,Country,219,agri-environmental-indicators-emissions-by-sector.csv,Area,274,214,0.97716895,4.0
emissions_agriculture_energy_e_all_data_norm.csv,Country,219,total-and-urban-population-annual-1950-2050.csv,LOCATION_NAME,390,185,0.844748858,4.0
emissions_agriculture_energy_e_all_data_norm.csv,Country,219,global-innovation-index-2015.csv,COUNTRY_NAME,231,157,0.716894977,3.0
emissions_agriculture_energy_e_all_data_norm.csv,Country,219,global-greenhouse-gas-emissions0.csv,Country,224,156,0.712328767,3.0
emissions_agriculture_energy_e_all_data_norm.csv,Country,219,global-greenhouse-gas-emissions.csv,Country,224,156,0.712328767,3.0
emissions_agriculture_energy_e_all_data_norm.csv,Country,219,oxford-covid-19-government-response-tracker.csv,Country,178,138,0.630136986,3.0
emissions_agriculture_energy_e_all_data_norm.csv,Country,219,world-power-plants-list.csv,PLANT_COUNTRY,143,127,0.579908676,3.0
energy-usage-2010.csv,ELECTRICITY ACCOUNTS,378,IPODataFull.csv,employees,1432,283,0.748677249,3.0
energy-usage-2010.csv,GAS ACCOUNTS,210,IPODataFull.csv,employees,1432,182,0.866666667,3.0
eo1.csv,STATE,8,Accidental_Drug_Related_Deaths_2012-2018.csv,ResidenceState,26,8,1.0,4.0
episodes.csv,episode_date,5737,animal-control-inventory-register.csv,DateImpounded,7117,5165,0.900296322,4.0
episodes.csv,episode_date,5737,listings_summary.csv,host_since,2914,2914,0.507930974,3.0
episodes.csv,program,2134,animal-control-inventory-register.csv,DateImpounded,7117,1858,0.870665417,4.0
episodes.csv,program,2134,listings_detailed.csv,host_since,2866,1723,0.807403936,4.0
episodes.csv,program,2134,listings_summary.csv,host_since,2914,1662,0.778819119,4.0
episodes.csv,program,2134,listings_detailed.csv,first_review,2236,1380,0.646672915,3.0
episodes.csv,program,2134,listings_summary.csv,first_review,2228,1323,0.619962512,3.0
global-greenhouse-gas-emissions.csv,Compound,4,global-greenhouse-gas-emissions0.csv,Compound,4,4,1.0,4.0
global-greenhouse-gas-emissions.csv,Country,224,global-greenhouse-gas-emissions0.csv,Country,224,224,1.0,4.0
global-greenhouse-gas-emissions.csv,Country,224,global-innovation-index-2015.csv,COUNTRY_NAME,231,200,0.892857143,4.0
global-greenhouse-gas-emissions.csv,Country,224,agri-environmental-indicators-emissions-by-sector.csv,Area,274,197,0.879464286,4.0
global-greenhouse-gas-emissions.csv,Country,224,total-and-urban-population-annual-1950-2050.csv,LOCATION_NAME,390,192,0.857142857,4.0
global-greenhouse-gas-emissions.csv,Country,224,oxford-covid-19-government-response-tracker.csv,Country,178,157,0.700892857,3.0
global-greenhouse-gas-emissions.csv,Country,224,emissions_agriculture_energy_e_all_data_norm.csv,Country,219,156,0.696428571,3.0
global-greenhouse-gas-emissions.csv,Country,224,world-power-plants-list.csv,PLANT_COUNTRY,143,130,0.580357143,3.0
global-greenhouse-gas-emissions.csv,IPCC-Annex,4,global-greenhouse-gas-emissions0.csv,IPCC-Annex,4,4,1.0,4.0
global-greenhouse-gas-emissions.csv,IPCC-Annex,4,global-greenhouse-gas-emissions0.csv,World Region,26,2,0.5,3.0
global-greenhouse-gas-emissions.csv,ISO_A3,224,global-greenhouse-gas-emissions0.csv,ISO_A3,224,224,1.0,4.0
global-greenhouse-gas-emissions.csv,World Region,26,global-greenhouse-gas-emissions0.csv,World Region,26,26,1.0,4.0
global-greenhouse-gas-emissions0.csv,Compound,4,global-greenhouse-gas-emissions.csv,Compound,4,4,1.0,4.0
global-greenhouse-gas-emissions0.csv,Country,224,global-greenhouse-gas-emissions.csv,Country,224,224,1.0,4.0
global-greenhouse-gas-emissions0.csv,Country,224,global-innovation-index-2015.csv,COUNTRY_NAME,231,200,0.892857143,4.0
global-greenhouse-gas-emissions0.csv,Country,224,agri-environmental-indicators-emissions-by-sector.csv,Area,274,197,0.879464286,4.0
global-greenhouse-gas-emissions0.csv,Country,224,total-and-urban-population-annual-1950-2050.csv,LOCATION_NAME,390,192,0.857142857,4.0
global-greenhouse-gas-emissions0.csv,Country,224,oxford-covid-19-government-response-tracker.csv,Country,178,157,0.700892857,3.0
global-greenhouse-gas-emissions0.csv,Country,224,emissions_agriculture_energy_e_all_data_norm.csv,Country,219,156,0.696428571,3.0
global-greenhouse-gas-emissions0.csv,Country,224,world-power-plants-list.csv,PLANT_COUNTRY,143,130,0.580357143,3.0
global-greenhouse-gas-emissions0.csv,IPCC-Annex,4,global-greenhouse-gas-emissions.csv,IPCC-Annex,4,4,1.0,4.0
global-greenhouse-gas-emissions0.csv,IPCC-Annex,4,global-greenhouse-gas-emissions.csv,World Region,26,2,0.5,3.0
global-greenhouse-gas-emissions0.csv,ISO_A3,224,global-greenhouse-gas-emissions.csv,ISO_A3,224,224,1.0,4.0
global-greenhouse-gas-emissions0.csv,World Region,26,global-greenhouse-gas-emissions.csv,World Region,26,26,1.0,4.0
global-innovation-index-2015.csv,COUNTRY_ID,231,total-and-urban-population-annual-1950-2050.csv,LOCATION_ID,390,216,0.935064935,4.0
global-innovation-index-2015.csv,COUNTRY_ID,231,total-and-urban-population-annual-1950-2050.csv,LOCATION_REGIONID,225,216,0.935064935,4.0
global-innovation-index-2015.csv,COUNTRY_NAME,231,global-greenhouse-gas-emissions0.csv,Country,224,200,0.865800866,4.0
global-innovation-index-2015.csv,COUNTRY_NAME,231,global-greenhouse-gas-emissions.csv,Country,224,200,0.865800866,4.0
global-innovation-index-2015.csv,COUNTRY_NAME,231,agri-environmental-indicators-emissions-by-sector.csv,Area,274,197,0.852813853,4.0
global-innovation-index-2015.csv,COUNTRY_NAME,231,total-and-urban-population-annual-1950-2050.csv,LOCATION_NAME,390,197,0.852813853,4.0
global-innovation-index-2015.csv,COUNTRY_NAME,231,oxford-covid-19-government-response-tracker.csv,Country,178,158,0.683982684,3.0
global-innovation-index-2015.csv,COUNTRY_NAME,231,emissions_agriculture_energy_e_all_data_norm.csv,Country,219,157,0.67965368,3.0
global-innovation-index-2015.csv,COUNTRY_NAME,231,world-power-plants-list.csv,PLANT_COUNTRY,143,129,0.558441558,3.0
global-innovation-index-2015.csv,COUNTRY_REGIONID,231,total-and-urban-population-annual-1950-2050.csv,LOCATION_ID,390,216,0.935064935,4.0
global-innovation-index-2015.csv,COUNTRY_REGIONID,231,total-and-urban-population-annual-1950-2050.csv,LOCATION_REGIONID,225,216,0.935064935,4.0
global-innovation-index-2015.csv,FREQUENCY,1,population-estimates-and-projections-1960-2050.csv,FREQ,1,1,1.0,4.0
global-innovation-index-2015.csv,FREQUENCY,1,population-estimates-and-projections-1960-2050.csv,TIME_FORMAT,1,1,1.0,4.0
global-innovation-index-2015.csv,FREQUENCY,1,india-census-data-2011-census-primary-abstract.csv,FREQUENCY,1,1,1.0,4.0
global-innovation-index-2015.csv,FREQUENCY,1,total-and-urban-population-annual-1950-2050.csv,FREQUENCY,1,1,1.0,4.0
global-innovation-index-2015.csv,FREQUENCY,1,saudi-arabia-world-development-indicators-1960-2014.csv,Periodicity,2,1,1.0,4.0
india-census-data-2011-census-primary-abstract.csv,FREQUENCY,1,population-estimates-and-projections-1960-2050.csv,FREQ,1,1,1.0,4.0
india-census-data-2011-census-primary-abstract.csv,FREQUENCY,1,population-estimates-and-projections-1960-2050.csv,TIME_FORMAT,1,1,1.0,4.0
india-census-data-2011-census-primary-abstract.csv,FREQUENCY,1,total-and-urban-population-annual-1950-2050.csv,FREQUENCY,1,1,1.0,4.0
india-census-data-2011-census-primary-abstract.csv,FREQUENCY,1,global-innovation-index-2015.csv,FREQUENCY,1,1,1.0,4.0
india-census-data-2011-census-primary-abstract.csv,FREQUENCY,1,saudi-arabia-world-development-indicators-1960-2014.csv,Periodicity,2,1,1.0,4.0
india-census-data-2011-census-primary-abstract.csv,LOCATION_ID,676,district-wise-rainfall-data-for-india-2014.csv,DISTRICTS_REGIONID,662,582,0.860946746,4.0
india-census-data-2011-census-primary-abstract.csv,LOCATION_NAME,676,district-wise-rainfall-data-for-india-2014.csv,DISTRICTS_NAME,667,505,0.74704142,3.0
india-census-data-2011-census-primary-abstract.csv,LOCATION_REGIONID,676,district-wise-rainfall-data-for-india-2014.csv,DISTRICTS_REGIONID,662,582,0.860946746,4.0
issued-building-permits.csv,IssueDate,904,animal-control-inventory-register.csv,DateImpounded,7117,731,0.808628319,3.0
issued-building-permits.csv,IssueDate,904,episodes.csv,episode_date,5737,715,0.790929204,3.0
issued-building-permits.csv,IssueDate,904,listings_detailed.csv,host_since,2866,692,0.765486726,4.0
issued-building-permits.csv,IssueDate,904,listings_detailed.csv,first_review,2236,692,0.765486726,4.0
issued-building-permits.csv,IssueDate,904,listings_detailed.csv,last_review,1129,565,0.625,3.0
issued-building-permits.csv,IssueDate,904,listings_summary.csv,first_review,2228,483,0.534292035,3.0
issued-building-permits.csv,IssueDate,904,listings_summary.csv,host_since,2914,481,0.532079646,3.0
issued-building-permits.csv,IssueDate,904,listings_summary.csv,last_review,1312,465,0.514380531,3.0
issued-building-permits.csv,IssueDate,904,episodes.csv,program,2134,452,0.5,3.0
listings_detailed.csv,bed_type,7,listings_summary.csv,bed_type,5,5,0.714285714,3.0
listings_detailed.csv,calendar_updated,80,listings_summary.csv,calendar_updated,75,72,0.9,4.0
listings_detailed.csv,cancellation_policy,7,listings_summary.csv,cancellation_policy,5,5,0.714285714,3.0
listings_detailed.csv,cleaning_fee,139,listings_summary.csv,price,295,124,0.892086331,4.0
listings_detailed.csv,cleaning_fee,139,listings_summary.csv,cleaning_fee,112,98,0.705035971,3.0
listings_detailed.csv,experiences_offered,2,world-power-plants-list.csv,PLANT_MERCURY_CONTROL_DEVICE,6,1,0.5,3.0
listings_detailed.csv,experiences_offered,2,listings_summary.csv,experiences_offered,1,1,0.5,3.0
listings_detailed.csv,extra_people,81,listings_summary.csv,price,295,72,0.888888889,4.0
listings_detailed.csv,extra_people,81,listings_summary.csv,cleaning_fee,112,64,0.790123457,4.0
listings_detailed.csv,extra_people,81,listings_summary.csv,extra_people,65,59,0.728395062,3.0
listings_detailed.csv,first_review,2236,episodes.csv,episode_date,5737,2235,0.999552773,4.0
listings_detailed.csv,first_review,2236,animal-control-inventory-register.csv,DateImpounded,7117,1919,0.85822898,4.0
listings_detailed.csv,first_review,2236,listings_summary.csv,host_since,2914,1905,0.8519678,4.0
listings_detailed.csv,first_review,2236,listings_summary.csv,first_review,2228,1732,0.774597496,4.0
listings_detailed.csv,first_review,2236,episodes.csv,program,2134,1380,0.617173524,3.0
listings_detailed.csv,first_review,2236,listings_summary.csv,last_review,1312,1239,0.55411449,3.0
listings_detailed.csv,host_has_profile_pic,4,listings_summary.csv,host_is_superhost,2,2,0.5,3.0
listings_detailed.csv,host_has_profile_pic,4,listings_summary.csv,host_has_profile_pic,2,2,0.5,3.0
listings_detailed.csv,host_has_profile_pic,4,listings_summary.csv,host_identity_verified,2,2,0.5,3.0
listings_detailed.csv,host_has_profile_pic,4,listings_summary.csv,is_location_exact,2,2,0.5,3.0
listings_detailed.csv,host_has_profile_pic,4,listings_summary.csv,requires_license,2,2,0.5,3.0
listings_detailed.csv,host_has_profile_pic,4,listings_summary.csv,instant_bookable,2,2,0.5,3.0
listings_detailed.csv,host_has_profile_pic,4,listings_summary.csv,require_guest_profile_picture,2,2,0.5,3.0
listings_detailed.csv,host_has_profile_pic,4,listings_summary.csv,require_guest_phone_verification,2,2,0.5,3.0
listings_detailed.csv,host_identity_verified,4,listings_summary.csv,host_is_superhost,2,2,0.5,3.0
listings_detailed.csv,host_identity_verified,4,listings_summary.csv,host_has_profile_pic,2,2,0.5,3.0
listings_detailed.csv,host_identity_verified,4,listings_summary.csv,host_identity_verified,2,2,0.5,3.0
listings_detailed.csv,host_identity_verified,4,listings_summary.csv,is_location_exact,2,2,0.5,3.0
listings_detailed.csv,host_identity_verified,4,listings_summary.csv,requires_license,2,2,0.5,3.0
listings_detailed.csv,host_identity_verified,4,listings_summary.csv,instant_bookable,2,2,0.5,3.0
listings_detailed.csv,host_identity_verified,4,listings_summary.csv,require_guest_profile_picture,2,2,0.5,3.0
listings_detailed.csv,host_identity_verified,4,listings_summary.csv,require_guest_phone_verification,2,2,0.5,3.0
listings_detailed.csv,host_is_superhost,4,listings_summary.csv,host_is_superhost,2,2,0.5,3.0
listings_detailed.csv,host_is_superhost,4,listings_summary.csv,host_has_profile_pic,2,2,0.5,3.0
listings_detailed.csv,host_is_superhost,4,listings_summary.csv,host_identity_verified,2,2,0.5,3.0
listings_detailed.csv,host_is_superhost,4,listings_summary.csv,is_location_exact,2,2,0.5,3.0
listings_detailed.csv,host_is_superhost,4,listings_summary.csv,requires_license,2,2,0.5,3.0
listings_detailed.csv,host_is_superhost,4,listings_summary.csv,instant_bookable,2,2,0.5,3.0
listings_detailed.csv,host_is_superhost,4,listings_summary.csv,require_guest_profile_picture,2,2,0.5,3.0
listings_detailed.csv,host_is_superhost,4,listings_summary.csv,require_guest_phone_verification,2,2,0.5,3.0
listings_detailed.csv,host_response_rate,73,listings_summary.csv,host_response_rate,65,61,0.835616438,4.0
listings_detailed.csv,host_response_time,7,listings_summary.csv,host_response_time,5,5,0.714285714,3.0
listings_detailed.csv,host_since,2866,episodes.csv,episode_date,5737,2865,0.999651082,4.0
listings_detailed.csv,host_since,2866,animal-control-inventory-register.csv,DateImpounded,7117,2486,0.867411026,4.0
listings_detailed.csv,host_since,2866,listings_summary.csv,host_since,2914,2483,0.866364271,4.0
listings_detailed.csv,host_since,2866,listings_summary.csv,first_review,2228,2084,0.727145848,3.0
listings_detailed.csv,host_since,2866,episodes.csv,program,2134,1723,0.601186322,3.0
listings_detailed.csv,host_verifications,291,listings_summary.csv,host_verifications,301,190,0.652920962,3.0
listings_detailed.csv,instant_bookable,3,listings_summary.csv,host_is_superhost,2,2,0.666666667,3.0
listings_detailed.csv,instant_bookable,3,listings_summary.csv,host_has_profile_pic,2,2,0.666666667,3.0
listings_detailed.csv,instant_bookable,3,listings_summary.csv,host_identity_verified,2,2,0.666666667,3.0
listings_detailed.csv,instant_bookable,3,listings_summary.csv,is_location_exact,2,2,0.666666667,3.0
listings_detailed.csv,instant_bookable,3,listings_summary.csv,requires_license,2,2,0.666666667,3.0
listings_detailed.csv,instant_bookable,3,listings_summary.csv,instant_bookable,2,2,0.666666667,3.0
listings_detailed.csv,instant_bookable,3,listings_summary.csv,require_guest_profile_picture,2,2,0.666666667,3.0
listings_detailed.csv,instant_bookable,3,listings_summary.csv,require_guest_phone_verification,2,2,0.666666667,3.0
listings_detailed.csv,is_business_travel_ready,2,animal-control-inventory-register.csv,Sex,6,1,0.5,3.0
listings_detailed.csv,is_business_travel_ready,2,listings_summary.csv,host_is_superhost,2,1,0.5,3.0
listings_detailed.csv,is_business_travel_ready,2,listings_summary.csv,host_has_profile_pic,2,1,0.5,3.0
listings_detailed.csv,is_business_travel_ready,2,listings_summary.csv,host_identity_verified,2,1,0.5,3.0
listings_detailed.csv,is_business_travel_ready,2,listings_summary.csv,is_location_exact,2,1,0.5,3.0
listings_detailed.csv,is_business_travel_ready,2,listings_summary.csv,requires_license,2,1,0.5,3.0
listings_detailed.csv,is_business_travel_ready,2,listings_summary.csv,instant_bookable,2,1,0.5,3.0
listings_detailed.csv,is_business_travel_ready,2,listings_summary.csv,is_business_travel_ready,1,1,0.5,3.0
listings_detailed.csv,is_business_travel_ready,2,listings_summary.csv,require_guest_profile_picture,2,1,0.5,3.0
listings_detailed.csv,is_business_travel_ready,2,listings_summary.csv,require_guest_phone_verification,2,1,0.5,3.0
listings_detailed.csv,is_location_exact,4,listings_summary.csv,host_is_superhost,2,2,0.5,3.0
listings_detailed.csv,is_location_exact,4,listings_summary.csv,host_has_profile_pic,2,2,0.5,3.0
listings_detailed.csv,is_location_exact,4,listings_summary.csv,host_identity_verified,2,2,0.5,3.0
listings_detailed.csv,is_location_exact,4,listings_summary.csv,is_location_exact,2,2,0.5,3.0
listings_detailed.csv,is_location_exact,4,listings_summary.csv,requires_license,2,2,0.5,3.0
listings_detailed.csv,is_location_exact,4,listings_summary.csv,instant_bookable,2,2,0.5,3.0
listings_detailed.csv,is_location_exact,4,listings_summary.csv,require_guest_profile_picture,2,2,0.5,3.0
listings_detailed.csv,is_location_exact,4,listings_summary.csv,require_guest_phone_verification,2,2,0.5,3.0
listings_detailed.csv,last_review,1129,episodes.csv,episode_date,5737,1128,0.99911426,3.0
listings_detailed.csv,last_review,1129,animal-control-inventory-register.csv,DateImpounded,7117,951,0.842338353,3.0
listings_detailed.csv,last_review,1129,listings_summary.csv,host_since,2914,808,0.715677591,3.0
listings_detailed.csv,last_review,1129,listings_summary.csv,first_review,2228,802,0.710363153,3.0
listings_detailed.csv,last_review,1129,listings_summary.csv,last_review,1312,754,0.667847653,3.0
listings_detailed.csv,last_review,1129,episodes.csv,program,2134,736,0.65190434,3.0
listings_detailed.csv,last_review,1129,issued-building-permits.csv,IssueDate,904,565,0.50044287,3.0
listings_detailed.csv,medium_url,2,listings_summary.csv,host_response_time,5,1,0.5,3.0
listings_detailed.csv,medium_url,2,listings_summary.csv,host_acceptance_rate,1,1,0.5,3.0
listings_detailed.csv,medium_url,2,makemytrip_com-travel_sample.csv,country,2,1,0.5,3.0
listings_detailed.csv,medium_url,2,makemytrip_com-travel_sample.csv,property_type,16,1,0.5,3.0
listings_detailed.csv,monthly_price,368,listings_summary.csv,monthly_price,426,190,0.516304348,3.0
listings_detailed.csv,price,483,listings_summary.csv,price,295,255,0.527950311,3.0
listings_detailed.csv,property_type,31,listings_summary.csv,property_type,33,23,0.741935484,3.0
listings_detailed.csv,require_guest_phone_verification,2,listings_summary.csv,host_is_superhost,2,2,1.0,4.0
listings_detailed.csv,require_guest_phone_verification,2,listings_summary.csv,host_has_profile_pic,2,2,1.0,4.0
listings_detailed.csv,require_guest_phone_verification,2,listings_summary.csv,host_identity_verified,2,2,1.0,4.0
listings_detailed.csv,require_guest_phone_verification,2,listings_summary.csv,is_location_exact,2,2,1.0,4.0
listings_detailed.csv,require_guest_phone_verification,2,listings_summary.csv,requires_license,2,2,1.0,4.0
listings_detailed.csv,require_guest_phone_verification,2,listings_summary.csv,instant_bookable,2,2,1.0,4.0
listings_detailed.csv,require_guest_phone_verification,2,listings_summary.csv,require_guest_profile_picture,2,2,1.0,4.0
listings_detailed.csv,require_guest_phone_verification,2,listings_summary.csv,require_guest_phone_verification,2,2,1.0,4.0
listings_detailed.csv,require_guest_phone_verification,2,animal-control-inventory-register.csv,Sex,6,1,0.5,3.0
listings_detailed.csv,require_guest_phone_verification,2,listings_summary.csv,has_availability,1,1,0.5,3.0
listings_detailed.csv,require_guest_phone_verification,2,listings_summary.csv,is_business_travel_ready,1,1,0.5,3.0
listings_detailed.csv,require_guest_profile_picture,2,listings_summary.csv,host_is_superhost,2,2,1.0,4.0
listings_detailed.csv,require_guest_profile_picture,2,listings_summary.csv,host_has_profile_pic,2,2,1.0,4.0
listings_detailed.csv,require_guest_profile_picture,2,listings_summary.csv,host_identity_verified,2,2,1.0,4.0
listings_detailed.csv,require_guest_profile_picture,2,listings_summary.csv,is_location_exact,2,2,1.0,4.0
listings_detailed.csv,require_guest_profile_picture,2,listings_summary.csv,requires_license,2,2,1.0,4.0
listings_detailed.csv,require_guest_profile_picture,2,listings_summary.csv,instant_bookable,2,2,1.0,4.0
listings_detailed.csv,require_guest_profile_picture,2,listings_summary.csv,require_guest_profile_picture,2,2,1.0,4.0
listings_detailed.csv,require_guest_profile_picture,2,listings_summary.csv,require_guest_phone_verification,2,2,1.0,4.0
listings_detailed.csv,require_guest_profile_picture,2,animal-control-inventory-register.csv,Sex,6,1,0.5,3.0
listings_detailed.csv,require_guest_profile_picture,2,listings_summary.csv,has_availability,1,1,0.5,3.0
listings_detailed.csv,require_guest_profile_picture,2,listings_summary.csv,is_business_travel_ready,1,1,0.5,3.0
listings_detailed.csv,room_type,5,listings_summary.csv,room_type,3,3,0.6,3.0
listings_detailed.csv,security_deposit,126,listings_summary.csv,weekly_price,387,86,0.682539683,3.0
listings_detailed.csv,security_deposit,126,listings_summary.csv,security_deposit,142,83,0.658730159,3.0
listings_detailed.csv,security_deposit,126,listings_summary.csv,price,295,80,0.634920635,3.0
listings_detailed.csv,thumbnail_url,2,listings_summary.csv,host_response_time,5,1,0.5,3.0
listings_detailed.csv,thumbnail_url,2,listings_summary.csv,host_acceptance_rate,1,1,0.5,3.0
listings_detailed.csv,weekly_price,304,listings_summary.csv,weekly_price,387,214,0.703947368,3.0
listings_detailed.csv,xl_picture_url,2,animal-control-inventory-register.csv,Sex,6,1,0.5,3.0
listings_detailed.csv,xl_picture_url,2,listings_summary.csv,host_is_superhost,2,1,0.5,3.0
listings_detailed.csv,xl_picture_url,2,listings_summary.csv,host_has_profile_pic,2,1,0.5,3.0
listings_detailed.csv,xl_picture_url,2,listings_summary.csv,host_identity_verified,2,1,0.5,3.0
listings_detailed.csv,xl_picture_url,2,listings_summary.csv,is_location_exact,2,1,0.5,3.0
listings_detailed.csv,xl_picture_url,2,listings_summary.csv,requires_license,2,1,0.5,3.0
listings_detailed.csv,xl_picture_url,2,listings_summary.csv,instant_bookable,2,1,0.5,3.0
listings_detailed.csv,xl_picture_url,2,listings_summary.csv,is_business_travel_ready,1,1,0.5,3.0
listings_detailed.csv,xl_picture_url,2,listings_summary.csv,require_guest_profile_picture,2,1,0.5,3.0
listings_detailed.csv,xl_picture_url,2,listings_summary.csv,require_guest_phone_verification,2,1,0.5,3.0
listings_detailed.csv,xl_picture_url,2,makemytrip_com-travel_sample.csv,country,2,1,0.5,3.0
listings_detailed.csv,xl_picture_url,2,makemytrip_com-travel_sample.csv,property_type,16,1,0.5,3.0
listings_summary.csv,bed_type,5,listings_detailed.csv,bed_type,7,5,1.0,4.0
listings_summary.csv,calendar_updated,75,listings_detailed.csv,calendar_updated,80,72,0.96,4.0
listings_summary.csv,cancellation_policy,5,listings_detailed.csv,cancellation_policy,7,5,1.0,4.0
listings_summary.csv,cleaning_fee,112,listings_detailed.csv,price,483,107,0.955357143,3.0
listings_summary.csv,cleaning_fee,112,listings_detailed.csv,cleaning_fee,139,98,0.875,4.0
listings_summary.csv,cleaning_fee,112,listings_detailed.csv,extra_people,81,64,0.571428571,3.0
listings_summary.csv,experiences_offered,1,listings_detailed.csv,experiences_offered,2,1,1.0,4.0
listings_summary.csv,experiences_offered,1,world-power-plants-list.csv,PLANT_MERCURY_CONTROL_DEVICE,6,1,1.0,3.0
listings_summary.csv,extra_people,65,listings_detailed.csv,cleaning_fee,139,65,1.0,4.0
listings_summary.csv,extra_people,65,listings_detailed.csv,price,483,60,0.923076923,3.0
listings_summary.csv,extra_people,65,listings_detailed.csv,extra_people,81,59,0.907692308,4.0
listings_summary.csv,first_review,2228,episodes.csv,episode_date,5737,2228,1.0,4.0
listings_summary.csv,first_review,2228,listings_detailed.csv,host_since,2866,2084,0.935368043,4.0
listings_summary.csv,first_review,2228,animal-control-inventory-register.csv,DateImpounded,7117,1952,0.876122083,4.0
listings_summary.csv,first_review,2228,listings_detailed.csv,first_review,2236,1732,0.777378815,4.0
listings_summary.csv,first_review,2228,episodes.csv,program,2134,1323,0.593806104,3.0
listings_summary.csv,has_availability,1,listings_detailed.csv,host_is_superhost,4,1,1.0,4.0
listings_summary.csv,has_availability,1,listings_detailed.csv,host_has_profile_pic,4,1,1.0,4.0
listings_summary.csv,has_availability,1,listings_detailed.csv,host_identity_verified,4,1,1.0,4.0
listings_summary.csv,has_availability,1,listings_detailed.csv,is_location_exact,4,1,1.0,4.0
listings_summary.csv,has_availability,1,listings_detailed.csv,has_availability,3,1,1.0,4.0
listings_summary.csv,has_availability,1,listings_detailed.csv,requires_license,3,1,1.0,4.0
listings_summary.csv,has_availability,1,listings_detailed.csv,instant_bookable,3,1,1.0,4.0
listings_summary.csv,has_availability,1,listings_detailed.csv,require_guest_profile_picture,2,1,1.0,4.0
listings_summary.csv,has_availability,1,listings_detailed.csv,require_guest_phone_verification,2,1,1.0,4.0
listings_summary.csv,has_availability,1,listings_detailed.csv,host_response_time,7,1,1.0,3.0
listings_summary.csv,host_acceptance_rate,1,listings_detailed.csv,thumbnail_url,2,1,1.0,4.0
listings_summary.csv,host_acceptance_rate,1,listings_detailed.csv,medium_url,2,1,1.0,4.0
listings_summary.csv,host_acceptance_rate,1,listings_detailed.csv,host_acceptance_rate,3,1,1.0,4.0
listings_summary.csv,host_acceptance_rate,1,listings_detailed.csv,host_response_time,7,1,1.0,3.0
listings_summary.csv,host_has_profile_pic,2,listings_detailed.csv,host_is_superhost,4,2,1.0,4.0
listings_summary.csv,host_has_profile_pic,2,listings_detailed.csv,host_has_profile_pic,4,2,1.0,4.0
listings_summary.csv,host_has_profile_pic,2,listings_detailed.csv,host_identity_verified,4,2,1.0,4.0
listings_summary.csv,host_has_profile_pic,2,listings_detailed.csv,is_location_exact,4,2,1.0,4.0
listings_summary.csv,host_has_profile_pic,2,listings_detailed.csv,instant_bookable,3,2,1.0,4.0
listings_summary.csv,host_has_profile_pic,2,listings_detailed.csv,require_guest_profile_picture,2,2,1.0,4.0
listings_summary.csv,host_has_profile_pic,2,listings_detailed.csv,require_guest_phone_verification,2,2,1.0,4.0
listings_summary.csv,host_has_profile_pic,2,listings_detailed.csv,xl_picture_url,2,1,0.5,3.0
listings_summary.csv,host_has_profile_pic,2,listings_detailed.csv,host_response_time,7,1,0.5,3.0
listings_summary.csv,host_has_profile_pic,2,listings_detailed.csv,has_availability,3,1,0.5,3.0
listings_summary.csv,host_has_profile_pic,2,listings_detailed.csv,requires_license,3,1,0.5,3.0
listings_summary.csv,host_has_profile_pic,2,listings_detailed.csv,is_business_travel_ready,2,1,0.5,3.0
listings_summary.csv,host_has_profile_pic,2,animal-control-inventory-register.csv,Sex,6,1,0.5,3.0
listings_summary.csv,host_identity_verified,2,listings_detailed.csv,host_is_superhost,4,2,1.0,4.0
listings_summary.csv,host_identity_verified,2,listings_detailed.csv,host_has_profile_pic,4,2,1.0,4.0
listings_summary.csv,host_identity_verified,2,listings_detailed.csv,host_identity_verified,4,2,1.0,4.0
listings_summary.csv,host_identity_verified,2,listings_detailed.csv,is_location_exact,4,2,1.0,4.0
listings_summary.csv,host_identity_verified,2,listings_detailed.csv,instant_bookable,3,2,1.0,4.0
listings_summary.csv,host_identity_verified,2,listings_detailed.csv,require_guest_profile_picture,2,2,1.0,4.0
listings_summary.csv,host_identity_verified,2,listings_detailed.csv,require_guest_phone_verification,2,2,1.0,4.0
listings_summary.csv,host_identity_verified,2,listings_detailed.csv,xl_picture_url,2,1,0.5,3.0
listings_summary.csv,host_identity_verified,2,listings_detailed.csv,host_response_time,7,1,0.5,3.0
listings_summary.csv,host_identity_verified,2,listings_detailed.csv,has_availability,3,1,0.5,3.0
listings_summary.csv,host_identity_verified,2,listings_detailed.csv,requires_license,3,1,0.5,3.0
listings_summary.csv,host_identity_verified,2,listings_detailed.csv,is_business_travel_ready,2,1,0.5,3.0
listings_summary.csv,host_identity_verified,2,animal-control-inventory-register.csv,Sex,6,1,0.5,3.0
listings_summary.csv,host_is_superhost,2,listings_detailed.csv,host_is_superhost,4,2,1.0,4.0
listings_summary.csv,host_is_superhost,2,listings_detailed.csv,host_has_profile_pic,4,2,1.0,4.0
listings_summary.csv,host_is_superhost,2,listings_detailed.csv,host_identity_verified,4,2,1.0,4.0
listings_summary.csv,host_is_superhost,2,listings_detailed.csv,is_location_exact,4,2,1.0,4.0
listings_summary.csv,host_is_superhost,2,listings_detailed.csv,instant_bookable,3,2,1.0,4.0
listings_summary.csv,host_is_superhost,2,listings_detailed.csv,require_guest_profile_picture,2,2,1.0,4.0
listings_summary.csv,host_is_superhost,2,listings_detailed.csv,require_guest_phone_verification,2,2,1.0,4.0
listings_summary.csv,host_is_superhost,2,listings_detailed.csv,xl_picture_url,2,1,0.5,3.0
listings_summary.csv,host_is_superhost,2,listings_detailed.csv,host_response_time,7,1,0.5,3.0
listings_summary.csv,host_is_superhost,2,listings_detailed.csv,has_availability,3,1,0.5,3.0
listings_summary.csv,host_is_superhost,2,listings_detailed.csv,requires_license,3,1,0.5,3.0
listings_summary.csv,host_is_superhost,2,listings_detailed.csv,is_business_travel_ready,2,1,0.5,3.0
listings_summary.csv,host_is_superhost,2,animal-control-inventory-register.csv,Sex,6,1,0.5,3.0
listings_summary.csv,host_response_rate,65,listings_detailed.csv,host_response_rate,73,61,0.938461538,4.0
listings_summary.csv,host_response_time,5,listings_detailed.csv,host_response_time,7,5,1.0,4.0
listings_summary.csv,host_since,2914,episodes.csv,episode_date,5737,2914,1.0,4.0
listings_summary.csv,host_since,2914,animal-control-inventory-register.csv,DateImpounded,7117,2565,0.880233356,4.0
listings_summary.csv,host_since,2914,listings_detailed.csv,host_since,2866,2483,0.852093342,4.0
listings_summary.csv,host_since,2914,listings_detailed.csv,first_review,2236,1905,0.653740563,3.0
listings_summary.csv,host_since,2914,episodes.csv,program,2134,1662,0.570350034,3.0
listings_summary.csv,host_verifications,301,listings_detailed.csv,host_verifications,291,190,0.631229236,3.0
listings_summary.csv,instant_bookable,2,listings_detailed.csv,host_is_superhost,4,2,1.0,4.0
listings_summary.csv,instant_bookable,2,listings_detailed.csv,host_has_profile_pic,4,2,1.0,4.0
listings_summary.csv,instant_bookable,2,listings_detailed.csv,host_identity_verified,4,2,1.0,4.0
listings_summary.csv,instant_bookable,2,listings_detailed.csv,is_location_exact,4,2,1.0,4.0
listings_summary.csv,instant_bookable,2,listings_detailed.csv,instant_bookable,3,2,1.0,4.0
listings_summary.csv,instant_bookable,2,listings_detailed.csv,require_guest_profile_picture,2,2,1.0,4.0
listings_summary.csv,instant_bookable,2,listings_detailed.csv,require_guest_phone_verification,2,2,1.0,4.0
listings_summary.csv,instant_bookable,2,listings_detailed.csv,xl_picture_url,2,1,0.5,3.0
listings_summary.csv,instant_bookable,2,listings_detailed.csv,host_response_time,7,1,0.5,3.0
listings_summary.csv,instant_bookable,2,listings_detailed.csv,has_availability,3,1,0.5,3.0
listings_summary.csv,instant_bookable,2,listings_detailed.csv,requires_license,3,1,0.5,3.0
listings_summary.csv,instant_bookable,2,listings_detailed.csv,is_business_travel_ready,2,1,0.5,3.0
listings_summary.csv,instant_bookable,2,animal-control-inventory-register.csv,Sex,6,1,0.5,3.0
listings_summary.csv,is_business_travel_ready,1,listings_detailed.csv,xl_picture_url,2,1,1.0,4.0
listings_summary.csv,is_business_travel_ready,1,listings_detailed.csv,host_is_superhost,4,1,1.0,4.0
listings_summary.csv,is_business_travel_ready,1,listings_detailed.csv,host_has_profile_pic,4,1,1.0,4.0
listings_summary.csv,is_business_travel_ready,1,listings_detailed.csv,host_identity_verified,4,1,1.0,4.0
listings_summary.csv,is_business_travel_ready,1,listings_detailed.csv,is_location_exact,4,1,1.0,4.0
listings_summary.csv,is_business_travel_ready,1,listings_detailed.csv,instant_bookable,3,1,1.0,4.0
listings_summary.csv,is_business_travel_ready,1,listings_detailed.csv,is_business_travel_ready,2,1,1.0,4.0
listings_summary.csv,is_business_travel_ready,1,listings_detailed.csv,require_guest_profile_picture,2,1,1.0,4.0
listings_summary.csv,is_business_travel_ready,1,listings_detailed.csv,require_guest_phone_verification,2,1,1.0,4.0
listings_summary.csv,is_business_travel_ready,1,animal-control-inventory-register.csv,Sex,6,1,1.0,3.0
listings_summary.csv,is_location_exact,2,listings_detailed.csv,host_is_superhost,4,2,1.0,4.0
listings_summary.csv,is_location_exact,2,listings_detailed.csv,host_has_profile_pic,4,2,1.0,4.0
listings_summary.csv,is_location_exact,2,listings_detailed.csv,host_identity_verified,4,2,1.0,4.0
listings_summary.csv,is_location_exact,2,listings_detailed.csv,is_location_exact,4,2,1.0,4.0
listings_summary.csv,is_location_exact,2,listings_detailed.csv,instant_bookable,3,2,1.0,4.0
listings_summary.csv,is_location_exact,2,listings_detailed.csv,require_guest_profile_picture,2,2,1.0,4.0
listings_summary.csv,is_location_exact,2,listings_detailed.csv,require_guest_phone_verification,2,2,1.0,4.0
listings_summary.csv,is_location_exact,2,listings_detailed.csv,xl_picture_url,2,1,0.5,3.0
listings_summary.csv,is_location_exact,2,listings_detailed.csv,host_response_time,7,1,0.5,3.0
listings_summary.csv,is_location_exact,2,listings_detailed.csv,has_availability,3,1,0.5,3.0
listings_summary.csv,is_location_exact,2,listings_detailed.csv,requires_license,3,1,0.5,3.0
listings_summary.csv,is_location_exact,2,listings_detailed.csv,is_business_travel_ready,2,1,0.5,3.0
listings_summary.csv,is_location_exact,2,animal-control-inventory-register.csv,Sex,6,1,0.5,3.0
listings_summary.csv,last_review,1312,episodes.csv,episode_date,5737,1312,1.0,3.0
listings_summary.csv,last_review,1312,listings_detailed.csv,host_since,2866,1288,0.981707317,4.0
listings_summary.csv,last_review,1312,listings_detailed.csv,first_review,2236,1239,0.944359756,4.0
listings_summary.csv,last_review,1312,animal-control-inventory-register.csv,DateImpounded,7117,1132,0.862804878,3.0
listings_summary.csv,last_review,1312,episodes.csv,program,2134,818,0.62347561,3.0
listings_summary.csv,last_review,1312,listings_detailed.csv,last_review,1129,754,0.574695122,3.0
listings_summary.csv,price,295,listings_detailed.csv,price,483,255,0.86440678,4.0
listings_summary.csv,property_type,33,listings_detailed.csv,property_type,31,23,0.696969697,3.0
listings_summary.csv,require_guest_phone_verification,2,listings_detailed.csv,host_is_superhost,4,2,1.0,4.0
listings_summary.csv,require_guest_phone_verification,2,listings_detailed.csv,host_has_profile_pic,4,2,1.0,4.0
listings_summary.csv,require_guest_phone_verification,2,listings_detailed.csv,host_identity_verified,4,2,1.0,4.0
listings_summary.csv,require_guest_phone_verification,2,listings_detailed.csv,is_location_exact,4,2,1.0,4.0
listings_summary.csv,require_guest_phone_verification,2,listings_detailed.csv,instant_bookable,3,2,1.0,4.0
listings_summary.csv,require_guest_phone_verification,2,listings_detailed.csv,require_guest_profile_picture,2,2,1.0,4.0
listings_summary.csv,require_guest_phone_verification,2,listings_detailed.csv,require_guest_phone_verification,2,2,1.0,4.0
listings_summary.csv,require_guest_phone_verification,2,listings_detailed.csv,xl_picture_url,2,1,0.5,3.0
listings_summary.csv,require_guest_phone_verification,2,listings_detailed.csv,host_response_time,7,1,0.5,3.0
listings_summary.csv,require_guest_phone_verification,2,listings_detailed.csv,has_availability,3,1,0.5,3.0
listings_summary.csv,require_guest_phone_verification,2,listings_detailed.csv,requires_license,3,1,0.5,3.0
listings_summary.csv,require_guest_phone_verification,2,listings_detailed.csv,is_business_travel_ready,2,1,0.5,3.0
listings_summary.csv,require_guest_phone_verification,2,animal-control-inventory-register.csv,Sex,6,1,0.5,3.0
listings_summary.csv,require_guest_profile_picture,2,listings_detailed.csv,host_is_superhost,4,2,1.0,4.0
listings_summary.csv,require_guest_profile_picture,2,listings_detailed.csv,host_has_profile_pic,4,2,1.0,4.0
listings_summary.csv,require_guest_profile_picture,2,listings_detailed.csv,host_identity_verified,4,2,1.0,4.0
listings_summary.csv,require_guest_profile_picture,2,listings_detailed.csv,is_location_exact,4,2,1.0,4.0
listings_summary.csv,require_guest_profile_picture,2,listings_detailed.csv,instant_bookable,3,2,1.0,4.0
listings_summary.csv,require_guest_profile_picture,2,listings_detailed.csv,require_guest_profile_picture,2,2,1.0,4.0
listings_summary.csv,require_guest_profile_picture,2,listings_detailed.csv,require_guest_phone_verification,2,2,1.0,4.0
listings_summary.csv,require_guest_profile_picture,2,listings_detailed.csv,xl_picture_url,2,1,0.5,3.0
listings_summary.csv,require_guest_profile_picture,2,listings_detailed.csv,host_response_time,7,1,0.5,3.0
listings_summary.csv,require_guest_profile_picture,2,listings_detailed.csv,has_availability,3,1,0.5,3.0
listings_summary.csv,require_guest_profile_picture,2,listings_detailed.csv,requires_license,3,1,0.5,3.0
listings_summary.csv,require_guest_profile_picture,2,listings_detailed.csv,is_business_travel_ready,2,1,0.5,3.0
listings_summary.csv,require_guest_profile_picture,2,animal-control-inventory-register.csv,Sex,6,1,0.5,3.0
listings_summary.csv,requires_license,2,listings_detailed.csv,host_is_superhost,4,2,1.0,4.0
listings_summary.csv,requires_license,2,listings_detailed.csv,host_has_profile_pic,4,2,1.0,4.0
listings_summary.csv,requires_license,2,listings_detailed.csv,host_identity_verified,4,2,1.0,4.0
listings_summary.csv,requires_license,2,listings_detailed.csv,is_location_exact,4,2,1.0,4.0
listings_summary.csv,requires_license,2,listings_detailed.csv,instant_bookable,3,2,1.0,4.0
listings_summary.csv,requires_license,2,listings_detailed.csv,require_guest_profile_picture,2,2,1.0,4.0
listings_summary.csv,requires_license,2,listings_detailed.csv,require_guest_phone_verification,2,2,1.0,4.0
listings_summary.csv,requires_license,2,listings_detailed.csv,xl_picture_url,2,1,0.5,3.0
listings_summary.csv,requires_license,2,listings_detailed.csv,host_response_time,7,1,0.5,3.0
listings_summary.csv,requires_license,2,listings_detailed.csv,has_availability,3,1,0.5,3.0
listings_summary.csv,requires_license,2,listings_detailed.csv,requires_license,3,1,0.5,3.0
listings_summary.csv,requires_license,2,listings_detailed.csv,is_business_travel_ready,2,1,0.5,3.0
listings_summary.csv,requires_license,2,animal-control-inventory-register.csv,Sex,6,1,0.5,3.0
listings_summary.csv,room_type,3,listings_detailed.csv,room_type,5,3,1.0,4.0
listings_summary.csv,security_deposit,142,listings_detailed.csv,price,483,116,0.816901408,4.0
listings_summary.csv,security_deposit,142,listings_detailed.csv,weekly_price,304,87,0.612676056,3.0
listings_summary.csv,security_deposit,142,listings_detailed.csv,security_deposit,126,83,0.584507042,3.0
listings_summary.csv,weekly_price,387,listings_detailed.csv,price,483,238,0.61498708,3.0
listings_summary.csv,weekly_price,387,listings_detailed.csv,weekly_price,304,214,0.552971576,3.0
makemytrip_com-travel_sample.csv,country,2,listings_detailed.csv,medium_url,2,1,0.5,3.0
makemytrip_com-travel_sample.csv,country,2,listings_detailed.csv,xl_picture_url,2,1,0.5,3.0
makemytrip_com-travel_sample.csv,country,2,saudi-arabia-world-development-indicators-1960-2014.csv,Country,7,1,0.5,3.0
makemytrip_com-travel_sample.csv,is_value_plus,2,world-power-plants-list.csv,PLANT_MERCURY_CONTROL_DEVICE,6,2,1.0,4.0
makemytrip_com-travel_sample.csv,is_value_plus,2,water-hydrants.csv,COMPRESSION,2,2,1.0,4.0
makemytrip_com-travel_sample.csv,is_value_plus,2,IPODataFull.csv,CEOInChargeDuringIPO,3,2,1.0,4.0
makemytrip_com-travel_sample.csv,is_value_plus,2,IPODataFull.csv,presidentInChargeDuringIPO,3,2,1.0,4.0
makemytrip_com-travel_sample.csv,is_value_plus,2,IPODataFull.csv,USACompany,3,2,1.0,4.0
makemytrip_com-travel_sample.csv,is_value_plus,2,water-hydrants.csv,COVWATERHYDRANTUNITTYPE,11,2,1.0,3.0
makemytrip_com-travel_sample.csv,is_value_plus,2,water-hydrants.csv,INCOMM,9,2,1.0,3.0
makemytrip_com-travel_sample.csv,is_value_plus,2,Accidental_Drug_Related_Deaths_2012-2018.csv,Morphine_NotHeroin,5,1,0.5,3.0
makemytrip_com-travel_sample.csv,site_review_count,48,energy-usage-2010.csv,ELECTRICITY ACCOUNTS,378,41,0.854166667,3.0
makemytrip_com-travel_sample.csv,site_review_count,48,energy-usage-2010.csv,GAS ACCOUNTS,210,39,0.8125,3.0
makemytrip_com-travel_sample.csv,site_review_count,48,medium_data.csv,responses,56,28,0.583333333,3.0
makemytrip_com-travel_sample.csv,site_review_rating,37,water-hydrants.csv,FEEDERLEN,144,35,0.945945946,4.0
medium_data.csv,responses,56,energy-usage-2010.csv,ELECTRICITY ACCOUNTS,378,51,0.910714286,3.0
medium_data.csv,responses,56,energy-usage-2010.csv,GAS ACCOUNTS,210,50,0.892857143,4.0
medium_data.csv,responses,56,animal-control-inventory-register.csv,PitNumber,416,40,0.714285714,3.0
medium_data.csv,responses,56,Accidental_Drug_Related_Deaths_2012-2018.csv,Age,100,34,0.607142857,3.0
medium_data.csv,responses,56,makemytrip_com-travel_sample.csv,site_review_count,48,28,0.5,3.0
oxford-covid-19-government-response-tracker.csv,Country,178,global-innovation-index-2015.csv,COUNTRY_NAME,231,158,0.887640449,4.0
oxford-covid-19-government-response-tracker.csv,Country,178,global-greenhouse-gas-emissions0.csv,Country,224,157,0.882022472,4.0
oxford-covid-19-government-response-tracker.csv,Country,178,global-greenhouse-gas-emissions.csv,Country,224,157,0.882022472,4.0
oxford-covid-19-government-response-tracker.csv,Country,178,agri-environmental-indicators-emissions-by-sector.csv,Area,274,154,0.865168539,4.0
oxford-covid-19-government-response-tracker.csv,Country,178,total-and-urban-population-annual-1950-2050.csv,LOCATION_NAME,390,152,0.853932584,4.0
oxford-covid-19-government-response-tracker.csv,Country,178,emissions_agriculture_energy_e_all_data_norm.csv,Country,219,138,0.775280899,4.0
oxford-covid-19-government-response-tracker.csv,Country,178,world-power-plants-list.csv,PLANT_COUNTRY,143,122,0.685393258,3.0
oxford-covid-19-government-response-tracker.csv,Date,205,issued-building-permits.csv,IssueDate,904,138,0.673170732,3.0
players.csv,flag,82,global-innovation-index-2015.csv,COUNTRY_REGIONID,231,81,0.987804878,4.0
players.csv,flag,82,global-innovation-index-2015.csv,COUNTRY_ID,231,80,0.975609756,4.0
players.csv,flag,82,total-and-urban-population-annual-1950-2050.csv,LOCATION_REGIONID,225,77,0.93902439,4.0
players.csv,flag,82,total-and-urban-population-annual-1950-2050.csv,LOCATION_ID,390,77,0.93902439,3.0
population-estimates-and-projections-1960-2050.csv,COUNTRY,46,global-innovation-index-2015.csv,COUNTRY_NAME,231,42,0.913043478,3.0
population-estimates-and-projections-1960-2050.csv,COUNTRY,46,global-greenhouse-gas-emissions0.csv,Country,224,41,0.891304348,3.0
population-estimates-and-projections-1960-2050.csv,COUNTRY,46,global-greenhouse-gas-emissions.csv,Country,224,41,0.891304348,3.0
population-estimates-and-projections-1960-2050.csv,COUNTRY,46,agri-environmental-indicators-emissions-by-sector.csv,Area,274,40,0.869565217,3.0
population-estimates-and-projections-1960-2050.csv,COUNTRY,46,oxford-covid-19-government-response-tracker.csv,Country,178,36,0.782608696,4.0
population-estimates-and-projections-1960-2050.csv,COUNTRY,46,emissions_agriculture_energy_e_all_data_norm.csv,Country,219,32,0.695652174,3.0
population-estimates-and-projections-1960-2050.csv,COUNTRY,46,world-power-plants-list.csv,PLANT_COUNTRY,143,29,0.630434783,3.0
population-estimates-and-projections-1960-2050.csv,FREQ,1,india-census-data-2011-census-primary-abstract.csv,FREQUENCY,1,1,1.0,4.0
population-estimates-and-projections-1960-2050.csv,FREQ,1,total-and-urban-population-annual-1950-2050.csv,FREQUENCY,1,1,1.0,4.0
population-estimates-and-projections-1960-2050.csv,FREQ,1,global-innovation-index-2015.csv,FREQUENCY,1,1,1.0,4.0
population-estimates-and-projections-1960-2050.csv,FREQ,1,saudi-arabia-world-development-indicators-1960-2014.csv,Periodicity,2,1,1.0,4.0
population-estimates-and-projections-1960-2050.csv,TIME_FORMAT,1,india-census-data-2011-census-primary-abstract.csv,FREQUENCY,1,1,1.0,4.0
population-estimates-and-projections-1960-2050.csv,TIME_FORMAT,1,total-and-urban-population-annual-1950-2050.csv,FREQUENCY,1,1,1.0,4.0
population-estimates-and-projections-1960-2050.csv,TIME_FORMAT,1,global-innovation-index-2015.csv,FREQUENCY,1,1,1.0,4.0
population-estimates-and-projections-1960-2050.csv,TIME_FORMAT,1,saudi-arabia-world-development-indicators-1960-2014.csv,Periodicity,2,1,1.0,4.0
posts.csv,date,1720,episodes.csv,episode_date,5737,1710,0.994186047,4.0
posts.csv,date,1720,animal-control-inventory-register.csv,DateImpounded,7117,1623,0.943604651,3.0
posts.csv,date,1720,JEOPARDY_CSV.csv,Air Date,3640,1084,0.630232558,3.0
property-addresses.csv,Geo Local Area,22,water-control-valves.csv,Geo Local Area,22,22,1.0,4.0
property-addresses.csv,Geo Local Area,22,water-hydrants.csv,Geo Local Area,22,22,1.0,4.0
property-addresses.csv,Geo Local Area,22,sewer-catch-basins.csv,Geo Local Area,22,22,1.0,4.0
property-addresses.csv,Geo Local Area,22,sewer-manholes.csv,Geo Local Area,22,22,1.0,4.0
provisional-2016-bi-annual-aquatic-and-terrestrial-monitoring-results-26062017-raw-results.csv,DATE_COLLECTED,227,listings_summary.csv,last_review,1312,212,0.933920705,3.0
provisional-2016-bi-annual-aquatic-and-terrestrial-monitoring-results-26062017-raw-results.csv,LOD,12,medium_data.csv,responses,56,10,0.833333333,3.0
provisional-2016-bi-annual-aquatic-and-terrestrial-monitoring-results-26062017-raw-results.csv,LOD,12,makemytrip_com-travel_sample.csv,site_review_count,48,9,0.75,4.0
provisional-2016-bi-annual-aquatic-and-terrestrial-monitoring-results-26062017-raw-results.csv,LOD,12,animal-control-inventory-register.csv,KennelNumber,65,7,0.583333333,3.0
provisional-2016-bi-annual-aquatic-and-terrestrial-monitoring-results-26062017-raw-results.csv,LOD,12,makemytrip_com-travel_sample.csv,hotel_star_rating,15,6,0.5,3.0
saudi-arabia-world-development-indicators-1960-2014.csv,Periodicity,2,population-estimates-and-projections-1960-2050.csv,FREQ,1,1,0.5,3.0
saudi-arabia-world-development-indicators-1960-2014.csv,Periodicity,2,population-estimates-and-projections-1960-2050.csv,TIME_FORMAT,1,1,0.5,3.0
saudi-arabia-world-development-indicators-1960-2014.csv,Periodicity,2,india-census-data-2011-census-primary-abstract.csv,FREQUENCY,1,1,0.5,3.0
saudi-arabia-world-development-indicators-1960-2014.csv,Periodicity,2,total-and-urban-population-annual-1950-2050.csv,FREQUENCY,1,1,0.5,3.0
saudi-arabia-world-development-indicators-1960-2014.csv,Periodicity,2,global-innovation-index-2015.csv,FREQUENCY,1,1,0.5,3.0
saudi-arabia-world-development-indicators-1960-2014.csv,Unit of measure,2,agri-environmental-indicators-emissions-by-sector.csv,Unit,2,1,0.5,3.0
saudi-arabia-world-development-indicators-1960-2014.csv,Unit of measure,2,population-estimates-and-projections-1960-2050.csv,UNIT_MEASURE,11,1,0.5,3.0
saudi-arabia-world-development-indicators-1960-2014.csv,Unit of measure,2,total-and-urban-population-annual-1950-2050.csv,VARIABLE_UNIT,2,1,0.5,3.0
saudi-arabia-world-development-indicators-1960-2014.csv,Unit of measure,2,global-innovation-index-2015.csv,INDICATOR_UNIT,12,1,0.5,3.0
sewer-catch-basins.csv,Geo Local Area,22,water-control-valves.csv,Geo Local Area,22,22,1.0,4.0
sewer-catch-basins.csv,Geo Local Area,22,water-hydrants.csv,Geo Local Area,22,22,1.0,4.0
sewer-catch-basins.csv,Geo Local Area,22,property-addresses.csv,Geo Local Area,22,22,1.0,4.0
sewer-catch-basins.csv,Geo Local Area,22,sewer-manholes.csv,Geo Local Area,22,22,1.0,4.0
sewer-manholes.csv,Geo Local Area,22,water-control-valves.csv,Geo Local Area,22,22,1.0,4.0
sewer-manholes.csv,Geo Local Area,22,water-hydrants.csv,Geo Local Area,22,22,1.0,4.0
sewer-manholes.csv,Geo Local Area,22,sewer-catch-basins.csv,Geo Local Area,22,22,1.0,4.0
sewer-manholes.csv,Geo Local Area,22,property-addresses.csv,Geo Local Area,22,22,1.0,4.0
total-and-urban-population-annual-1950-2050.csv,FREQUENCY,1,population-estimates-and-projections-1960-2050.csv,FREQ,1,1,1.0,4.0
total-and-urban-population-annual-1950-2050.csv,FREQUENCY,1,population-estimates-and-projections-1960-2050.csv,TIME_FORMAT,1,1,1.0,4.0
total-and-urban-population-annual-1950-2050.csv,FREQUENCY,1,india-census-data-2011-census-primary-abstract.csv,FREQUENCY,1,1,1.0,4.0
total-and-urban-population-annual-1950-2050.csv,FREQUENCY,1,global-innovation-index-2015.csv,FREQUENCY,1,1,1.0,4.0
total-and-urban-population-annual-1950-2050.csv,FREQUENCY,1,saudi-arabia-world-development-indicators-1960-2014.csv,Periodicity,2,1,1.0,4.0
total-and-urban-population-annual-1950-2050.csv,LOCATION_ID,390,global-innovation-index-2015.csv,COUNTRY_ID,231,216,0.553846154,3.0
total-and-urban-population-annual-1950-2050.csv,LOCATION_ID,390,global-innovation-index-2015.csv,COUNTRY_REGIONID,231,216,0.553846154,3.0
total-and-urban-population-annual-1950-2050.csv,LOCATION_NAME,390,agri-environmental-indicators-emissions-by-sector.csv,Area,274,231,0.592307692,3.0
total-and-urban-population-annual-1950-2050.csv,LOCATION_NAME,390,global-innovation-index-2015.csv,COUNTRY_NAME,231,197,0.505128205,3.0
total-and-urban-population-annual-1950-2050.csv,LOCATION_REGIONID,225,global-innovation-index-2015.csv,COUNTRY_ID,231,216,0.96,4.0
total-and-urban-population-annual-1950-2050.csv,LOCATION_REGIONID,225,global-innovation-index-2015.csv,COUNTRY_REGIONID,231,216,0.96,4.0
total-and-urban-population-annual-1950-2050.csv,VARIABLE_UNIT,2,agri-environmental-indicators-emissions-by-sector.csv,Unit,2,1,0.5,3.0
total-and-urban-population-annual-1950-2050.csv,VARIABLE_UNIT,2,population-estimates-and-projections-1960-2050.csv,UNIT_MEASURE,11,1,0.5,3.0
total-and-urban-population-annual-1950-2050.csv,VARIABLE_UNIT,2,global-innovation-index-2015.csv,INDICATOR_UNIT,12,1,0.5,3.0
total-and-urban-population-annual-1950-2050.csv,VARIABLE_UNIT,2,saudi-arabia-world-development-indicators-1960-2014.csv,Unit of measure,2,1,0.5,3.0
water-control-valves.csv,Geo Local Area,22,water-hydrants.csv,Geo Local Area,22,22,1.0,4.0
water-control-valves.csv,Geo Local Area,22,sewer-catch-basins.csv,Geo Local Area,22,22,1.0,4.0
water-control-valves.csv,Geo Local Area,22,property-addresses.csv,Geo Local Area,22,22,1.0,4.0
water-control-valves.csv,Geo Local Area,22,sewer-manholes.csv,Geo Local Area,22,22,1.0,4.0
water-distribution-mains.csv,INSTALLATION_DATE,1475,animal-control-inventory-register.csv,DateImpounded,7117,1179,0.799322034,3.0
water-distribution-mains.csv,INSTALLATION_DATE,1475,episodes.csv,episode_date,5737,1162,0.78779661,4.0
water-distribution-mains.csv,MATERIAL,13,abandoned-water-mains.csv,MATERIAL,11,10,0.769230769,4.0
water-hydrants.csv,CHR0,4,water-control-valves.csv,Geo Local Area,22,3,0.75,3.0
water-hydrants.csv,CHR0,4,sewer-catch-basins.csv,Geo Local Area,22,3,0.75,3.0
water-hydrants.csv,CHR0,4,property-addresses.csv,Geo Local Area,22,3,0.75,3.0
water-hydrants.csv,CHR0,4,sewer-manholes.csv,Geo Local Area,22,3,0.75,3.0
water-hydrants.csv,COMPRESSION,2,world-power-plants-list.csv,PLANT_MERCURY_CONTROL_DEVICE,6,2,1.0,4.0
water-hydrants.csv,COMPRESSION,2,IPODataFull.csv,CEOInChargeDuringIPO,3,2,1.0,4.0
water-hydrants.csv,COMPRESSION,2,IPODataFull.csv,presidentInChargeDuringIPO,3,2,1.0,4.0
water-hydrants.csv,COMPRESSION,2,IPODataFull.csv,USACompany,3,2,1.0,4.0
water-hydrants.csv,COMPRESSION,2,makemytrip_com-travel_sample.csv,is_value_plus,2,2,1.0,4.0
water-hydrants.csv,COMPRESSION,2,Accidental_Drug_Related_Deaths_2012-2018.csv,Morphine_NotHeroin,5,1,0.5,3.0
water-hydrants.csv,FIREUSEONLY,2,Accidental_Drug_Related_Deaths_2012-2018.csv,AnyOpioid,2,2,1.0,4.0
water-hydrants.csv,FIREUSEONLY,2,water-control-valves.csv,X_OFFSET_DIRECTION,15,1,0.5,3.0
water-hydrants.csv,FIREUSEONLY,2,water-control-valves.csv,Y_OFFSET_DIRECTION,16,1,0.5,3.0
water-hydrants.csv,FIREUSEONLY,2,provisional-2016-bi-annual-aquatic-and-terrestrial-monitoring-results-26062017-raw-results.csv,LOD,12,1,0.5,3.0
water-hydrants.csv,FIREUSEONLY,2,Accidental_Drug_Related_Deaths_2012-2018.csv,Heroin,1,1,0.5,3.0
water-hydrants.csv,FIREUSEONLY,2,Accidental_Drug_Related_Deaths_2012-2018.csv,Cocaine,1,1,0.5,3.0
water-hydrants.csv,FIREUSEONLY,2,Accidental_Drug_Related_Deaths_2012-2018.csv,Fentanyl,4,1,0.5,3.0
water-hydrants.csv,FIREUSEONLY,2,Accidental_Drug_Related_Deaths_2012-2018.csv,FentanylAnalogue,1,1,0.5,3.0
water-hydrants.csv,FIREUSEONLY,2,Accidental_Drug_Related_Deaths_2012-2018.csv,Oxycodone,1,1,0.5,3.0
water-hydrants.csv,FIREUSEONLY,2,Accidental_Drug_Related_Deaths_2012-2018.csv,Oxymorphone,1,1,0.5,3.0
water-hydrants.csv,FIREUSEONLY,2,Accidental_Drug_Related_Deaths_2012-2018.csv,Ethanol,1,1,0.5,3.0
water-hydrants.csv,FIREUSEONLY,2,Accidental_Drug_Related_Deaths_2012-2018.csv,Hydrocodone,1,1,0.5,3.0
water-hydrants.csv,FIREUSEONLY,2,Accidental_Drug_Related_Deaths_2012-2018.csv,Benzodiazepine,1,1,0.5,3.0
water-hydrants.csv,FIREUSEONLY,2,Accidental_Drug_Related_Deaths_2012-2018.csv,Methadone,1,1,0.5,3.0
water-hydrants.csv,FIREUSEONLY,2,Accidental_Drug_Related_Deaths_2012-2018.csv,Amphet,1,1,0.5,3.0
water-hydrants.csv,FIREUSEONLY,2,Accidental_Drug_Related_Deaths_2012-2018.csv,Tramad,1,1,0.5,3.0
water-hydrants.csv,FIREUSEONLY,2,Accidental_Drug_Related_Deaths_2012-2018.csv,Morphine_NotHeroin,5,1,0.5,3.0
water-hydrants.csv,FIREUSEONLY,2,Accidental_Drug_Related_Deaths_2012-2018.csv,Hydromorphone,1,1,0.5,3.0
water-hydrants.csv,FIREUSEONLY,2,Accidental_Drug_Related_Deaths_2012-2018.csv,OpiateNOS,1,1,0.5,3.0
water-hydrants.csv,Geo Local Area,22,water-control-valves.csv,Geo Local Area,22,22,1.0,4.0
water-hydrants.csv,Geo Local Area,22,sewer-catch-basins.csv,Geo Local Area,22,22,1.0,4.0
water-hydrants.csv,Geo Local Area,22,property-addresses.csv,Geo Local Area,22,22,1.0,4.0
water-hydrants.csv,Geo Local Area,22,sewer-manholes.csv,Geo Local Area,22,22,1.0,4.0
water-hydrants.csv,INSTDATE1,626,JEOPARDY_CSV.csv,Air Date,3640,379,0.60543131,3.0
water-hydrants.csv,INSTDATE1,626,water-distribution-mains.csv,INSTALLATION_DATE,1475,357,0.57028754,3.0
water-hydrants.csv,INSTDATE1,626,posts.csv,date,1720,318,0.50798722,3.0
world-power-plants-list.csv,PLANT_COUNTRY,143,agri-environmental-indicators-emissions-by-sector.csv,Area,274,131,0.916083916,4.0
world-power-plants-list.csv,PLANT_COUNTRY,143,global-greenhouse-gas-emissions0.csv,Country,224,130,0.909090909,4.0
world-power-plants-list.csv,PLANT_COUNTRY,143,global-greenhouse-gas-emissions.csv,Country,224,130,0.909090909,4.0
world-power-plants-list.csv,PLANT_COUNTRY,143,global-innovation-index-2015.csv,COUNTRY_NAME,231,129,0.902097902,4.0
world-power-plants-list.csv,PLANT_COUNTRY,143,total-and-urban-population-annual-1950-2050.csv,LOCATION_NAME,390,127,0.888111888,4.0
world-power-plants-list.csv,PLANT_COUNTRY,143,emissions_agriculture_energy_e_all_data_norm.csv,Country,219,127,0.888111888,4.0
world-power-plants-list.csv,PLANT_COUNTRY,143,oxford-covid-19-government-response-tracker.csv,Country,178,122,0.853146853,4.0
